city,street_name,latitude,longitude,rainfall_1h,rainfall_3h,rainfall_6h,elevation,drainage_capacity,past_floods,soil_moisture,flood_label
Hyderabad,Street_0,13.181228738809581,77.4187585871165,33.43832213340287,110.08648784305525,240.83670820509974,17.711354946551428,0.5231823010612386,1,0.7753486451579508,0
Chennai,Street_1,12.932300121868206,77.50746899281013,51.63792107344404,78.18904682706224,63.82663118210796,44.76515905427385,0.6340366427163384,4,0.7664282197973218,0
Mumbai,Street_2,13.021105986734195,77.40887389681212,32.104183136019515,130.22412060773203,165.4080875927867,80.08208490671407,0.8333599907626814,0,0.819096992851384,0
Chennai,Street_3,13.028916987668335,77.59926607465836,11.067772285131365,36.792829838300186,244.6578218501326,60.30408182909736,0.6390709253760469,1,0.6900239909404731,0
Chennai,Street_4,13.192132633486418,77.5904842787156,17.97575470598862,23.601098955378895,93.57419178494817,69.69260858763323,0.6903201286895594,1,0.273082890823657,0
Delhi,Street_5,12.830138502402452,77.732548596025,18.596215576116656,24.060015799510815,4.378997715515559,23.021010576594332,0.3809176412719526,2,0.47937013165160614,0
Mumbai,Street_6,12.922278807714873,77.52311089590842,23.839086927455874,50.101331811785684,61.036822605593564,63.800078335733545,0.8775349824708478,2,0.7062046405252407,0
Mumbai,Street_7,12.87636441246014,77.72655429408522,25.607334320204963,35.803504695152625,207.71929783542637,35.73253751659001,0.5429044375763806,4,0.39623412255406465,0
Mumbai,Street_8,12.907389942756064,77.78718950617592,47.98692132445616,139.5135525764608,216.15220898875916,84.25881976570291,0.31276770201741544,1,0.6811844548953663,0
Chennai,Street_9,12.994111949710526,77.43536328934627,20.96321994295998,15.8751140742876,192.1298411309478,64.78338657101995,0.7313503316043339,5,0.21714891378735665,0
Hyderabad,Street_10,12.94907474683762,77.71672713578785,28.093909706482762,104.84861070593816,28.277454769143258,23.891346388653112,0.372872362548246,1,0.41429613861571524,0
Mumbai,Street_11,12.957876586723788,77.63598235885506,37.49855922306314,28.383230967750883,198.87759292410078,11.138584585188184,0.2780500081914398,2,0.5843912353940208,0
Chennai,Street_12,13.137685256290524,77.5920183868074,22.66355684641016,132.24556991555252,229.66944924837605,9.05015488226811,0.889589526723418,5,0.6424628806543695,0
Delhi,Street_13,13.172006733924333,77.56821431146604,50.19388879753998,144.1972932277361,150.15238563655902,40.28381392676337,0.5681298115907518,0,0.6039284651233376,0
Hyderabad,Street_14,12.828166452339818,77.71386730557772,35.24721625404446,69.82050131549754,235.21883908451622,30.25585798215978,0.7994269701566212,0,0.6884293932514006,0
Delhi,Street_15,12.883567487046145,77.65574454278969,17.642680753258293,131.86072203421975,206.70972092796936,66.37856172893827,0.4324700478450841,3,0.20426212376788735,0
Hyderabad,Street_16,13.06845740672962,77.72201786700775,42.843551987389695,0.7717756132072151,166.74287924772682,52.43671432296873,0.8295761079341331,2,0.27065883998426504,0
Chennai,Street_17,12.943458712518465,77.76126042347065,31.65886380868715,122.99203761121501,144.29630917793705,30.27183141051117,0.28954874161722427,3,0.8082609765954014,0
Bangalore,Street_18,12.901665459627896,77.64690548483891,32.067353475434814,34.29377422873853,87.14341681049262,19.17758890526673,0.4847786990358822,5,0.6772240508631129,0
Hyderabad,Street_19,12.918116235367576,77.79218509003695,28.865276903255157,136.30519639040517,39.82186131070129,17.08397745530771,0.9824494543788229,2,0.27905214988020793,0
Delhi,Street_20,12.92902030569544,77.64323513981675,29.82071692927494,0.16801672201642304,151.2384806726352,87.14273725333967,0.835191773094405,4,0.7894521061790054,0
Chennai,Street_21,13.139467917969869,77.65465772864891,45.92137686397444,83.42726025596355,79.52788840452988,28.130406998462387,0.5978047442517506,1,0.36956185247719686,0
Hyderabad,Street_22,12.854648532576812,77.6219262434169,6.178888759878931,113.4953705677402,216.60966688191135,66.912511551542,0.4718219772495081,4,0.5347819189366565,0
Bangalore,Street_23,13.083564398764047,77.43640083642053,20.06176867862893,38.803249604686194,248.33423433965712,82.0151631586953,0.8977085600179813,5,0.3016375590192622,0
Bangalore,Street_24,13.021127990763164,77.6905588130601,4.530201828233354,28.96992968809396,188.10694065389313,63.33772456254993,0.6358782072676126,2,0.6970770394951946,0
Mumbai,Street_25,12.91860405745912,77.61897852275965,45.19477324484705,12.614733670197698,22.620423821762685,86.65869700645985,0.806740014295289,5,0.6667980947099874,0
Mumbai,Street_26,12.967912342578511,77.58036417896645,16.338111283217966,48.965036475493946,72.17139888265953,42.277403545205075,0.8032861442529313,1,0.3477787298162953,0
Delhi,Street_27,12.902482777437784,77.76418851136131,53.84582458913305,83.97664684632443,27.27740794143743,95.84110811165009,0.21435654285479347,0,0.8043805367999013,0
Hyderabad,Street_28,13.044605484346272,77.51918378061679,31.594707999557624,17.37657851703865,162.62791194792894,17.64877539691921,0.3010030262340908,0,0.4809142169537985,0
Hyderabad,Street_29,12.832637672160097,77.60944091040601,48.04498628916726,56.50430429801981,191.29771613894616,14.70420531746612,0.7277034931157937,5,0.4047605637495193,0
Mumbai,Street_30,12.802073945109596,77.67905674859739,58.735886136957674,1.3608606979087445,231.41870772017793,67.57575388970713,0.32929584902869713,3,0.30663071262517483,0
Hyderabad,Street_31,13.051157765979454,77.71858871026954,50.387331567394234,122.80191307497627,109.54308660299691,94.56895843425987,0.4043946757244838,2,0.38631760876087623,0
Hyderabad,Street_32,12.877709581404817,77.58373872317847,52.01962560069141,19.267307713978703,225.34391239711107,81.84392885545117,0.9573103633596858,2,0.2154188448566719,0
Bangalore,Street_33,12.828376366799972,77.73683656600748,24.47906972189068,42.50144223983724,219.4727897603319,12.259601646614886,0.6481458066999295,0,0.6082802447192809,0
Mumbai,Street_34,12.958713530885555,77.70756709652616,33.10335571556038,2.7641578107326206,79.29892919134964,31.539932823798054,0.8005836055994777,4,0.7895615224407635,0
Chennai,Street_35,12.82030741241576,77.42649439114075,15.233313842598257,64.83611758387684,217.22515638514275,93.38029405959325,0.6463845910261119,1,0.5842863146091493,0
Mumbai,Street_36,13.154646859580263,77.41834450656185,11.766785981607168,126.01822541118281,93.91806297043162,29.040551116074532,0.6420108918261802,4,0.353491773346713,0
Chennai,Street_37,12.811046708749483,77.64832227376884,30.330472746362027,58.82268171677949,74.21731864007019,79.21119025975733,0.2753215281005583,4,0.22356842474971092,0
Bangalore,Street_38,13.031545958203024,77.53896536329017,35.702938782025235,26.92459851357501,162.26866469859826,83.38755861322686,0.47493055408728246,5,0.35023965128116197,0
Delhi,Street_39,12.975389649207235,77.4836523164314,20.35627475377146,113.05482510757788,82.09530697127026,52.06794982879327,0.4259447189492094,0,0.49128499964976463,0
Hyderabad,Street_40,13.06881045411808,77.63185997378869,34.16661106581002,118.32104728061164,157.55218708228605,41.70314643558997,0.5125826924908906,0,0.7317280000898576,0
Bangalore,Street_41,12.931261066989894,77.53662528418262,53.247628950810174,26.06302129613502,152.45795137467363,47.761821079877166,0.8386753505794626,0,0.33148999677644186,0
Hyderabad,Street_42,12.862016646691098,77.61490536668563,33.403295087001965,115.62811628114846,140.8597318371147,26.561645964709594,0.49754613433349193,5,0.7038540173482803,0
Delhi,Street_43,13.192736355324211,77.58404766359342,43.2487857786304,142.0946832384507,95.10492605819942,89.49213703224021,0.5613574553853462,3,0.8068534278463186,0
Delhi,Street_44,13.135573400827745,77.63390644237967,48.318898041474306,24.95663803984085,137.1249304128692,47.808867389327,0.5179051123882532,4,0.51776279367585,0
Bangalore,Street_45,13.14416184732467,77.56012019556411,59.32372691732657,115.64764387982032,149.1213687463554,88.83364684332948,0.2747263775802365,5,0.7750023941498152,0
Delhi,Street_46,12.900100544206346,77.67906702947877,36.191844130618776,106.28580069039441,136.42172212386836,15.04088059109604,0.5528577266006269,2,0.5882601436245669,0
Chennai,Street_47,12.81553389377177,77.47202690893972,48.41100893775516,71.03608326526327,111.10486318780039,98.88615074501247,0.35648741843561205,1,0.6459635859566335,0
Delhi,Street_48,12.92130620586929,77.67860058649083,57.758959113292484,8.688069083819745,3.6667642615659526,47.110943307143735,0.34937863661843316,3,0.5683949222367419,0
Hyderabad,Street_49,13.014832970878663,77.56466448574301,56.66458353463641,11.204162663678103,146.76542692528773,9.543927937440019,0.2752288835474131,2,0.5242209017259392,0
Hyderabad,Street_50,12.930660496718417,77.74972704194177,8.464910926662814,127.86219887979715,42.11109628567991,8.612075582558216,0.4853367793134118,4,0.3642574092430946,0
Hyderabad,Street_51,13.131147601515035,77.60609442194568,24.383538496411322,148.52225591259705,160.6439922367974,75.88968946077466,0.8059855078315339,0,0.41223584162273225,0
Hyderabad,Street_52,12.908617166327897,77.78924413970805,19.439403666407976,101.40783857801317,189.8360819807165,67.60837574934968,0.42115335246671687,4,0.40297908326052634,0
Chennai,Street_53,13.186100732156307,77.64077415821639,5.215500897020959,66.89374605154822,125.11132728268537,81.2024030221208,0.4498792815084109,5,0.5943022516676704,0
Mumbai,Street_54,12.982906064645492,77.48953962636253,37.99444649465763,97.13604651028614,135.5909162449346,15.009915725516565,0.714139726137939,1,0.28396758511672293,0
Bangalore,Street_55,13.136809230004792,77.72871625473778,44.15427679176014,89.1593788842818,237.8696399164978,8.379232368377092,0.35667265006953514,5,0.8417541834916347,0
Hyderabad,Street_56,12.87775201359795,77.53803305112896,50.88768572801301,57.54183906084327,211.79184034314355,53.31503249751995,0.9175663443388276,3,0.7044586016981793,0
Delhi,Street_57,12.96454156202267,77.53904768579308,7.36661337976251,9.843921686101941,228.5591289878675,41.821546990863105,0.6161524186012436,3,0.48101194163923555,0
Hyderabad,Street_58,13.079804884306878,77.41272187259408,52.586644552517626,123.22694211111614,203.44157207989662,48.884958983740795,0.5580823522561735,1,0.3110369011684646,0
Delhi,Street_59,12.85534123696712,77.61948612368296,38.57553381685519,55.775029385808686,27.22958546168286,99.20089884267603,0.6462561535433611,2,0.817394518805145,0
Delhi,Street_60,12.853098168897189,77.61376940149302,42.23676810831057,122.81784650356406,37.24796399254868,97.22124597871367,0.3328274507329564,2,0.7766446630708157,0
Hyderabad,Street_61,13.187814746845662,77.5423965937088,54.637440212418234,37.876312453257334,131.6559493172399,94.51996201895332,0.6907785109113411,3,0.7052050869020254,0
Chennai,Street_62,13.08583804167198,77.75768690515837,37.485676262595064,0.15442197684500947,61.51741469949956,79.46505429292901,0.4904805893072084,3,0.3900829331878697,0
Delhi,Street_63,12.816427006707151,77.45149935931987,20.151951428990106,23.840742491513478,119.17386876028979,38.70992922440459,0.9177490727716953,0,0.48171264620356824,0
Delhi,Street_64,12.959528360577918,77.53203980532406,49.50643988535959,70.28091251528765,98.59133095458755,44.1524383749633,0.3350833653421489,2,0.2719237767166964,0
Hyderabad,Street_65,12.973408295032296,77.52863310587202,21.78355273170543,141.6455452436745,137.35355960761333,57.213524153297826,0.6056408830923529,1,0.3323276673092722,0
Delhi,Street_66,13.097617057199646,77.4369162344915,2.0536866492317474,15.329042954057847,186.71892903395567,83.90077335845979,0.6784901034952144,2,0.748111646121713,0
Delhi,Street_67,12.900344210938664,77.59245815762252,49.83927039391499,128.1314661692349,178.8727267748186,11.527719089235438,0.226706881429105,0,0.7005271031954787,1
Hyderabad,Street_68,12.873733469732548,77.67511388683843,20.711528692876534,79.05361443177931,130.3085331213336,45.308204159064374,0.49095449980491224,5,0.6154400340831543,0
Hyderabad,Street_69,12.83234918664688,77.60466280541891,46.430071392080414,123.88811486998449,205.59835470426452,12.848678028630525,0.7861081877606664,3,0.8270087081483211,0
Bangalore,Street_70,12.971325789976044,77.46279107308648,21.765473679956727,44.75616464849889,107.71552288450833,53.8924707244836,0.8563020059591786,3,0.6082865624691318,0
Chennai,Street_71,13.075399960306147,77.55091438609684,51.664081198483295,125.99207470087079,224.17857246003058,90.39557828059236,0.4505295958538259,0,0.5268775999745274,0
Chennai,Street_72,12.823277438203379,77.40103800975346,13.170631504857521,115.92341700252068,17.820067513790978,79.3360678335741,0.838874617906201,1,0.4382595224140339,0
Delhi,Street_73,13.166085491050591,77.74732044281423,58.472835911932194,34.508052454715084,238.66500750832685,26.64502966659545,0.9742047016827111,3,0.8583139540153208,0
Chennai,Street_74,12.976940891892442,77.43380680307227,46.78552648728185,19.700268961406707,163.67327035783705,97.71913071188528,0.8854991488600754,4,0.2579008230670474,0
Delhi,Street_75,12.895914943662962,77.63891123290217,6.8542755552238095,130.20814837984392,95.01862723430132,68.3982878144107,0.29411519052746016,3,0.8516211604425659,0
Bangalore,Street_76,12.837549316032517,77.79450279834673,33.946597197993626,144.4854980160198,49.288531643219336,5.990631442753291,0.7917842656684326,4,0.7787002619517127,0
Hyderabad,Street_77,12.873146398842923,77.61463625839494,59.12203873450408,4.6953470621274365,119.79580736089999,29.264281045095853,0.4557334659524358,0,0.2909509471749909,0
Hyderabad,Street_78,13.173845598935884,77.76961670364297,28.263927161628864,109.69051004605284,48.63958079632524,29.76776349239207,0.9907327915296613,0,0.5954890503726775,0
Hyderabad,Street_79,13.05530823753734,77.49444661324696,10.926428329294994,136.42867664217275,41.582901935785536,11.579159097156694,0.5882871865279098,3,0.8065835872243607,0
Chennai,Street_80,13.006678502970626,77.70398216357503,29.08670202902077,128.6040138138748,154.33793935324354,96.18351921721326,0.29794711868715285,2,0.6002664145250076,0
Bangalore,Street_81,13.062844531400067,77.61250630158942,30.747459352915296,144.6780708405313,130.77118114544618,50.43425298471276,0.7801484384219126,4,0.8350398750924355,0
Chennai,Street_82,12.974269159471156,77.68820642455658,44.501216653719936,114.01411176571457,167.52400865273543,90.10238675032879,0.4584089587089711,1,0.8600886717712297,0
Chennai,Street_83,13.092015726624727,77.4249365450045,41.930751189654266,66.34481435713654,232.40146935549728,35.61047282723969,0.9976625256653293,3,0.49566916552901413,0
Bangalore,Street_84,12.819086451076661,77.4590956367625,24.15300261581883,46.79279857426957,133.06505333476005,16.897189191118578,0.9838259662836175,1,0.4641195629844265,0
Bangalore,Street_85,13.02641488419763,77.45324677143499,13.081386449645189,48.11141106571912,145.23301331569942,50.06193044109032,0.7249072144164646,3,0.8554248077784097,0
Bangalore,Street_86,12.863458579056998,77.67486620216133,38.70325006615977,108.66340089211755,22.40658478873553,15.825880297860131,0.3038611591613741,2,0.6725980428047676,1
Bangalore,Street_87,12.848065859122258,77.73777626905346,25.30223607319691,111.87555180464464,179.40894647715737,51.171472782866296,0.7494887981400233,2,0.2812158769437185,0
Hyderabad,Street_88,12.93675186668656,77.69984649280343,7.936572667519823,30.053871532306896,99.97630170103905,92.42823221584374,0.2744243891680218,2,0.22960422445587686,0
Mumbai,Street_89,12.836719626325378,77.41218886109344,54.03433807418314,130.21842202357965,244.18130966564473,54.47297347425021,0.22349132728191387,5,0.5952403356980842,0
Mumbai,Street_90,12.837662795307425,77.74688599242988,41.47331145657926,107.23860603033715,205.79350389891508,63.56747405503293,0.8583667569771889,2,0.8511196758068973,0
Bangalore,Street_91,12.924565323756518,77.54165866831725,40.991031386728885,84.41254295150739,130.6202601290296,19.88065151251179,0.3678023581469451,0,0.7909740916840728,0
Mumbai,Street_92,13.191804211448602,77.55886553300164,49.355032554700436,70.7298690153769,30.80566354304151,9.1548844585971,0.503221700975278,0,0.6730934225250355,0
Mumbai,Street_93,12.870132107955737,77.441947666613,31.779700719304863,81.48492086849372,214.85394832014728,15.526756407081669,0.9787659119809387,5,0.29738109422376124,0
Bangalore,Street_94,12.806864440732701,77.69496208243753,48.90326570414743,23.88686074188967,199.9452738560054,61.860499690014734,0.46947240148888264,4,0.37796196862408693,0
Mumbai,Street_95,13.105345769201564,77.47291355139039,29.885445210660343,30.55518739144113,46.14628238425825,14.026111404268942,0.4371918250266522,1,0.8128578585868313,0
Chennai,Street_96,13.122765190820312,77.62558603680753,4.030523994942605,13.674673560928753,73.81957230507751,40.71932454442459,0.9345663996982203,3,0.3279650656598303,0
Delhi,Street_97,12.938521728435761,77.73628399435117,24.314885281661326,23.0487057241669,198.35181453695932,57.25873434352482,0.2885987562551665,3,0.39490758577530416,0
Delhi,Street_98,12.985869525175845,77.43568173148483,29.847893638793433,68.0540451907924,46.30711163685242,41.92201586983547,0.8076659280917056,5,0.2907204558368094,0
Bangalore,Street_99,13.059909473057106,77.61413422560621,43.212154897937744,79.55315905923841,229.43812229284433,20.54996113920364,0.9904524533222192,0,0.6732757619900878,0
Hyderabad,Street_100,12.819223569678813,77.49328656461992,6.394723807720462,2.679283871747906,106.13185629909047,31.01017421384012,0.9210368086197191,3,0.8607876137542467,0
Bangalore,Street_101,13.179658292636553,77.53717074571131,8.40111231962694,119.51967417960412,21.75974064691466,93.19016562061482,0.7213343349651409,0,0.3882776221167702,0
Hyderabad,Street_102,13.154672154919218,77.58958797657222,15.821028158076986,44.12519600152168,203.9371608760702,69.21831618070377,0.45124863599418563,4,0.5327846254950516,0
Delhi,Street_103,12.904357449336686,77.54204172131172,15.989903602252934,136.77540524398665,93.3774207595969,52.124544674589224,0.4034575849426534,1,0.644037817797843,0
Bangalore,Street_104,12.806121816116155,77.65952913611663,43.93107470754374,145.12668954206666,131.62479853844525,6.207914548754884,0.855404083897169,4,0.8996263737509413,0
Chennai,Street_105,13.173374523231793,77.5918328407017,15.043839633695866,27.81883120149815,28.076086102804794,99.27946304649967,0.9038575311613564,5,0.2733656454983005,0
Mumbai,Street_106,13.000415953566105,77.63367979388566,37.98588380144685,69.3145936148491,0.6460037112455963,68.78821881499111,0.6203479300365543,2,0.5489995596539964,0
Hyderabad,Street_107,13.015750979360025,77.69472899015797,29.656431008296284,0.18477527496388313,159.4963014483244,35.10763534776977,0.39547195262917295,2,0.46958408393175005,0
Mumbai,Street_108,13.073585507759256,77.62309690638017,34.39766269076404,89.74908976836404,128.7937925834329,88.53052269979463,0.2903545667289389,2,0.8060741156556486,0
Mumbai,Street_109,13.046340465755966,77.6346141738643,50.28641779069775,91.09596723940068,148.3846422807868,29.551003927722718,0.26974357426546497,4,0.5331774117081591,0
Bangalore,Street_110,13.177556641824303,77.62578341700906,24.262890092941458,37.13099334050627,198.43596259512907,56.6815750223614,0.7752619578830846,3,0.27768426720960365,0
Mumbai,Street_111,13.177700638850066,77.55150905038052,46.254682623856226,83.76190088747968,161.65147835571503,65.42672255433338,0.53609498227818,1,0.6440969017006085,0
Chennai,Street_112,13.146879573422002,77.53497873354877,25.32216357304124,33.831021366560314,43.693360706844295,26.001020288104204,0.9242878994222963,2,0.7395464327847159,0
Mumbai,Street_113,13.054561438978403,77.759858958858,21.232282593674967,24.12382036172851,90.19312977764996,97.94774148605661,0.791737040581411,5,0.20201687616593023,0
Bangalore,Street_114,13.120379717872959,77.64302208891743,57.517630638793236,97.72792002033971,226.4727761969401,76.07823106800477,0.3530083343316694,5,0.8012696797944407,0
Chennai,Street_115,13.070867336953192,77.49774126218587,11.062255240737793,48.88881959281123,192.48617506291973,57.992256423551645,0.6910219350525593,2,0.33021610000396595,0
Delhi,Street_116,13.029346816668774,77.59929907913958,5.420217634656472,88.53959083284337,139.15926448417932,22.156486826653584,0.5484043635185275,2,0.5864485552573645,0
Mumbai,Street_117,12.851400141293565,77.53213939251236,46.25915553212871,64.98701234574834,63.911249452318074,10.116529664812482,0.6617997846148904,1,0.4910582504812151,0
Bangalore,Street_118,13.1244816706944,77.77347672950395,4.094982321245495,147.6527111104356,75.51512545869876,35.405684089493434,0.7904552986708138,2,0.7037576716273712,0
Delhi,Street_119,13.128255790297581,77.40301374525363,50.224739442181765,22.437096400134866,182.98951689640865,76.55279691177327,0.8449567048030326,1,0.4598131303500193,0
Delhi,Street_120,13.050375868040629,77.49013311908502,26.23160378143461,69.68978949537153,212.7935652131927,30.586473338692382,0.8749898611253795,5,0.8088342236771975,0
Hyderabad,Street_121,13.128170737508507,77.54614272786962,54.93082063751484,102.06849395389878,167.8561673826536,56.257840947072985,0.4031798996576198,2,0.7113474526711532,0
Chennai,Street_122,13.060593908743115,77.5951239203235,43.291971667314336,59.3317625819953,202.38249394211044,74.1549817894206,0.22489247993388617,4,0.653399219744045,0
Mumbai,Street_123,12.882673743950699,77.74032700713445,36.62428002047746,146.20497778060349,191.6640338001015,15.254652891414114,0.7914357881318186,4,0.757368416893998,0
Bangalore,Street_124,12.909584450928454,77.43515504981606,56.95840782346594,108.28314418904026,37.425991989239435,70.10331153100798,0.2850749810046197,5,0.7278161244498675,0
Hyderabad,Street_125,12.88583564788335,77.72234595469645,23.798962383123257,98.54757863467395,105.9862032283255,13.727734332454247,0.4519356708903741,1,0.22515707244508734,0
Chennai,Street_126,12.95090363329119,77.4222613957428,57.24521619237798,113.5588901416835,38.245950207140666,96.68732550206467,0.20305370729947772,4,0.4763140476913797,0
Hyderabad,Street_127,12.815585252924095,77.73692561411927,8.100076645272416,142.89729570580755,58.8088962004962,51.397442356169265,0.745335585921296,1,0.8515651081215427,0
Chennai,Street_128,13.047301553735156,77.42065419114981,29.025296515944767,136.172797947696,217.31490616276315,19.31423023243835,0.333705609176977,4,0.28800698829455834,0
Chennai,Street_129,12.934621685955491,77.40729699257135,16.194673343531694,108.64279621896179,118.22299140829554,37.526445423186914,0.7242259277533265,4,0.7159675853024359,0
Mumbai,Street_130,13.062289054152297,77.67878458494657,32.39056673449161,112.37424586519246,133.83952546066521,44.27456268304984,0.9933940937342711,1,0.8822142679347307,0
Chennai,Street_131,12.954158648386226,77.79890221390735,9.720832673495076,21.888311105271818,44.61149130694303,77.02757605227104,0.25813669728801303,3,0.23653904033148015,0
Hyderabad,Street_132,13.072645467589115,77.7586441051896,50.49177961860261,15.418860673899854,78.067946512199,75.62525967727788,0.2616624095611686,4,0.6775357164386273,0
Chennai,Street_133,12.936249827785696,77.63039936712227,50.784470958873435,85.63567527662464,57.56154210696749,63.13434800704645,0.47230407413333997,2,0.5277078989107213,0
Mumbai,Street_134,12.904277811294362,77.7669582452342,57.31417876340874,2.755145541081,51.5465411296066,15.06341769305683,0.8931092114010737,5,0.6054226787623055,0
Mumbai,Street_135,12.998414981717362,77.40212000255904,9.280328452994173,72.35345723273873,159.49019832899253,19.39909030082899,0.3724238950330655,3,0.2597389355390274,0
Hyderabad,Street_136,13.077156143476776,77.79002686517805,37.399953054299445,31.55243698783029,64.2209619114287,13.90690746132788,0.48830225594427806,1,0.23010486630685764,0
Delhi,Street_137,12.93933464178128,77.59629951170352,28.454238522022177,51.90248514672594,158.00387150510463,59.83141441231726,0.2548043253015837,3,0.6668066623856452,0
Delhi,Street_138,13.174659260742283,77.6891584386487,20.663023922653995,116.3707103689434,14.613653527138476,88.32815194358338,0.8105242330071116,0,0.7763166008745024,0
Chennai,Street_139,12.81567453067026,77.72834458926134,21.09240966805313,141.18562563485798,35.443598381775466,46.21104866420332,0.5266450742075609,0,0.7474107344530772,0
Bangalore,Street_140,12.967178412686232,77.68738290833463,24.767613036405137,10.862440821951225,68.63506350003135,20.28057652598589,0.8073989864486744,4,0.5806640095063662,0
Chennai,Street_141,13.1870322206081,77.61401469281796,42.29553298133718,80.13633089646677,149.2617292239229,58.014020889151865,0.9228862754774361,4,0.2699067747953247,0
Hyderabad,Street_142,13.019188753299234,77.59064779365056,35.89716349608928,132.38002287294,168.960311271844,82.11646060224244,0.38621051768103104,2,0.6816311106852097,0
Hyderabad,Street_143,12.969388376923247,77.73543302348105,27.580890765667867,12.376280166063191,110.67924169488178,75.46264584372835,0.845916824271961,5,0.36932221848790214,0
Hyderabad,Street_144,13.027408113499984,77.4820310240598,4.556004622177325,123.67710703452508,111.44772864430725,88.73782406912703,0.24727511206260264,3,0.8377480919371685,0
Hyderabad,Street_145,13.030369830103234,77.7871976266017,4.665920644737424,53.670202639240706,181.12921284965452,31.400699238642442,0.919077910544198,0,0.7867857516819934,0
Hyderabad,Street_146,13.092659102119855,77.6843809915347,0.14036343754669556,48.3142053329003,3.9552729413956103,23.42561739043861,0.7206148380469979,4,0.6965680769611736,0
Mumbai,Street_147,12.851075891768987,77.47980277093534,58.06196329242519,146.61995794721787,85.27250611855514,88.58256616448418,0.8993813793106813,5,0.8641921690817913,0
Delhi,Street_148,12.900006579686442,77.69449887347939,0.3152291135030949,30.128863479344126,204.6767642798082,67.4682297139122,0.20015071964526554,3,0.22199527505789107,0
Hyderabad,Street_149,13.032217604937564,77.61193600927245,6.185624760824693,103.97909112340214,150.80485255334307,34.538248350717645,0.335264856284794,4,0.7153402975425334,0
Bangalore,Street_150,13.146846642883888,77.68289203825778,18.875793408564654,123.21610920147997,84.30678318885509,75.52306480438837,0.5118075099411936,4,0.4311699455354837,0
Bangalore,Street_151,13.024746676857509,77.70711180057714,48.44581510900567,6.177524291890752,226.38119808241848,82.43624652563494,0.5036023226997749,0,0.8342461199804556,0
Bangalore,Street_152,12.895438743916136,77.43491607183587,57.72592714584706,100.55781875316183,193.15568186234563,63.422932832407575,0.38138430633880854,0,0.38667263766338433,0
Bangalore,Street_153,13.071937911960099,77.60244158254375,47.40081352751137,142.73249615329905,66.22386180918335,70.34899043859194,0.5052895518937601,4,0.7073995495205119,0
Mumbai,Street_154,13.095963504178949,77.77280573690277,41.43361394673843,18.6329950092089,161.3224593814292,40.6496909220533,0.30307896960020386,1,0.814352913755547,0
Bangalore,Street_155,12.895294460961592,77.52825687686381,31.278040044814162,134.43319540275576,148.93768204723918,56.176088397588714,0.5302089034128208,4,0.2291597728678777,0
Hyderabad,Street_156,12.951091554470517,77.63755323902316,5.202312711731016,89.21649560654042,100.29697850974567,54.795121218985415,0.8418834633274115,5,0.47835330571442525,0
Chennai,Street_157,13.013730989412226,77.54769219260396,57.490247580235824,92.4906872793711,91.73901980120017,85.56454015742332,0.5832560504826809,4,0.7336163224153571,0
Bangalore,Street_158,12.998624476273232,77.58170718888765,45.503544836740886,91.94162622984089,85.89011869392598,84.79657812680735,0.214400071156172,2,0.518443222655311,0
Mumbai,Street_159,12.955847234487681,77.61944124717526,38.33696312005571,44.825382950597074,154.2889458489117,84.1046445879691,0.537155233263398,2,0.38707684085551675,0
Mumbai,Street_160,12.919054069803725,77.61956879195559,45.54215073233099,140.28027229491894,110.60248412016738,6.0480033549342505,0.22174001287267533,2,0.353863744176233,0
Bangalore,Street_161,12.839993954864745,77.4806921849321,43.44619975638832,142.1025693946558,207.96577831285552,76.20682102454438,0.9729947285654386,1,0.29206278684146453,0
Chennai,Street_162,12.821394118698949,77.67382861915193,38.23389478736921,93.79569903209217,167.40065403349047,77.07425706054546,0.3019631675382952,1,0.7999906918993975,0
Bangalore,Street_163,13.18341659875328,77.43514724449707,58.834608010799286,117.5134088912422,17.482901427358534,69.44598817123847,0.766150661064495,4,0.6027487822760892,0
Mumbai,Street_164,13.138857257638236,77.4555299093768,54.2018287581615,91.8386978821737,160.04205595704153,76.845142499688,0.9782210583136688,2,0.25346946149401917,0
Delhi,Street_165,12.941962076185089,77.40108435976573,38.7998951470298,72.6597671361061,67.7868591250462,84.98718529218733,0.8608312413332575,1,0.4678062264994448,0
Hyderabad,Street_166,13.182720354050582,77.44667842565667,41.59051268741548,99.1230177448876,148.20299791335566,49.680310139669636,0.759452300100963,0,0.45741355556357693,0
Mumbai,Street_167,13.07070796176972,77.58926648042076,3.0957483995226,82.95021788879376,170.03298277586285,52.69477028140248,0.8715687276006137,4,0.32721743349662413,0
Bangalore,Street_168,12.993008379857057,77.64244075242233,40.19504787300235,89.62137939478951,57.70729728850302,16.847835406582096,0.9854389546085021,5,0.5048553378305335,0
Hyderabad,Street_169,12.997210263108721,77.71771577998658,2.6499262626060105,117.57488301282929,114.21466122009217,41.61070888949937,0.6970755978028237,3,0.4324695557751955,0
Bangalore,Street_170,12.833313764478104,77.44267970004537,35.29582541819586,72.13557471734772,47.58121570476695,66.11969209161951,0.6473478454634611,4,0.43926259384452776,0
Bangalore,Street_171,12.836681658903393,77.74029098400658,59.96120997395009,6.113115913870915,13.084718946627078,79.13797873399108,0.7025904883706251,3,0.7173185904515711,0
Delhi,Street_172,13.040976370360447,77.69838981021948,33.34839488623078,24.599922148424586,94.61910587146727,25.634864280665003,0.6261407094092439,2,0.35628436985363743,0
Hyderabad,Street_173,13.02148122093832,77.56340731717437,28.392607084880005,65.79108247343076,90.736067961498,18.093175420127363,0.708071284727775,3,0.6493019711987488,0
Hyderabad,Street_174,12.885091158009692,77.77317522683998,18.77129139033525,108.72398398110874,248.87012267606426,67.98899042754675,0.5598737663780474,2,0.5994547367166544,0
Delhi,Street_175,13.178477817152675,77.79637179058295,7.231354727187867,88.99179724652682,111.58808779941054,5.178588934866511,0.37475454630664573,0,0.5976647586365071,0
Mumbai,Street_176,13.112518420188481,77.4820007240213,43.8614202874969,97.54412788101808,83.39238736805011,21.945395509196334,0.29619778120934054,3,0.6641051422992431,0
Bangalore,Street_177,12.84538584080698,77.55169143398552,11.555941667137827,71.89183928644309,145.11875167916867,7.761781132675605,0.25467274842580834,4,0.5838674253369578,0
Chennai,Street_178,13.172371642274916,77.77057976943588,6.916921274837062,92.36130329133643,22.191848526942117,20.854086196212737,0.4106526270025601,2,0.8154785803924691,0
Bangalore,Street_179,13.189699283413763,77.68863862030051,25.305759583830753,49.35261567219933,240.4164339887033,22.225331592923,0.23689885146858708,4,0.6729060643651819,0
Bangalore,Street_180,13.19837249681213,77.41923785758564,47.72051027754584,70.52738890449976,158.74001139775828,41.82899150128745,0.6537366239355085,1,0.5828742759599717,0
Mumbai,Street_181,12.822348461870941,77.71260579270057,44.70387288721322,111.64185983924334,188.70945498521195,43.22107684522282,0.42706275761881624,2,0.7808341842013513,0
Bangalore,Street_182,13.094814222716403,77.731176354871,3.2929568787884955,130.77491684596816,42.61948454347939,88.05493470797259,0.8596278464696259,3,0.6243025954534358,0
Delhi,Street_183,13.018366308065996,77.70020076990612,27.308621102169365,65.04830009345834,102.36946325130097,53.460422687388395,0.25939269839070916,2,0.4038009734496253,0
Delhi,Street_184,13.082332593551477,77.7198148523678,31.346074564270136,6.5492486561041785,105.67227834904739,73.72345273316719,0.38108119547318875,4,0.3449664427235999,0
Hyderabad,Street_185,13.187460777589653,77.73005307067712,38.67279903754933,24.250881622020398,205.4516109752717,14.893049002427308,0.7841969176721169,0,0.30662944996387514,0
Chennai,Street_186,13.075212004070016,77.47456199471526,39.01004102659369,3.129170893730715,0.30916993985236063,26.416681769050918,0.6790466371067931,2,0.8296186487822712,0
Bangalore,Street_187,13.13478554969495,77.494276698426,21.88183496743835,97.98945288559952,75.21327708831377,71.77962689297429,0.25159301699933406,3,0.6970948022586461,0
Bangalore,Street_188,13.146747482124336,77.65350342548807,33.64063164021084,49.847193803266336,245.30909358607596,10.01637624451017,0.9017915657297604,1,0.8561649067150245,0
Mumbai,Street_189,13.135392305505594,77.763146452185,28.863713030645187,81.37179535790513,118.72163587655466,51.226777913156546,0.9018094102609437,5,0.6223042640004601,0
Delhi,Street_190,12.970436590018776,77.5264786329186,53.09990139139686,73.99152701756994,95.63157006100207,61.94005173797871,0.4643264031006191,0,0.5313806170464388,0
Chennai,Street_191,12.889030567028412,77.63532267031802,31.81590795809401,12.228973432864004,29.957250504411586,62.2038361849857,0.4723246746796518,1,0.24180154227962253,0
Hyderabad,Street_192,12.958660640781702,77.67319282536685,26.461929704889698,60.48920416857477,243.54115715700388,7.178617070463993,0.9912226866801392,2,0.6701495970822209,0
Delhi,Street_193,13.15675876351071,77.58077944051962,24.269126980911043,33.08416873834849,5.006588981456117,35.60026040177262,0.7009409372745106,4,0.6075461318377617,0
Hyderabad,Street_194,12.85864192867681,77.68551298194213,34.34566556600794,62.759968300147904,184.2950562518108,65.46661184966963,0.6250532164544473,4,0.8931462255113349,0
Mumbai,Street_195,13.005330467476957,77.75986697811686,48.23861876405386,30.5367420513364,192.1499511971271,19.154974934178128,0.8705217468415396,3,0.3674111444475701,0
Mumbai,Street_196,12.893291228969812,77.64964061767273,32.304089422847255,126.06786094154003,60.91417901596666,71.06448659116506,0.4282322706858532,4,0.5715161487007852,0
Bangalore,Street_197,13.032522166890713,77.61591242476585,39.69931050483249,26.129000486738047,167.88961090325932,75.86289483729908,0.5433460747170855,0,0.6556701345826508,0
Chennai,Street_198,13.1452554087956,77.57549787015533,44.2713460143915,144.11708272304654,23.23228609484748,98.2870730923838,0.4142213403906674,4,0.6512138223196405,0
Hyderabad,Street_199,13.152143987455366,77.63099450836245,31.21008659272391,62.38610492204112,64.26181660801997,24.934989511358896,0.8313286772709851,3,0.5929054800638819,0
Delhi,Street_200,12.894674077472832,77.54214498072736,25.60902339929186,126.9367938028574,196.97549707306624,83.38741342828095,0.6586794765081745,5,0.7438496072290579,0
Mumbai,Street_201,13.163077482539418,77.5565928440806,52.59992267174697,94.31472273089176,216.17154800838506,54.428174807272136,0.7270600561120564,2,0.3434868466687715,0
Bangalore,Street_202,13.036755495528514,77.61274299187527,25.05036504167353,110.3025447998629,152.12160316494783,40.478946633696474,0.40184579987152524,2,0.7079390401920911,0
Bangalore,Street_203,12.940087298680126,77.42664764495633,27.716571034535257,115.15858321001704,126.70960795512065,16.625791945891905,0.3761802411018521,4,0.6338142000031624,1
Hyderabad,Street_204,13.08327247823328,77.49161015636992,59.42047880050663,75.72673228395267,39.826005154745076,74.87303261631607,0.590699703186351,1,0.8272525782562012,0
Mumbai,Street_205,12.992666795185647,77.61713972424536,0.01425141455307477,81.49507850449325,15.777258269787541,27.406471918650272,0.7900525992742615,2,0.7930361073235073,0
Chennai,Street_206,12.951195036048903,77.57261125725458,11.128374574603349,77.09938017130875,29.412257118389658,40.285090177939345,0.6201918060161282,5,0.42060292739278726,0
Mumbai,Street_207,13.082033745718663,77.53312631436499,23.037833395183544,88.20875671351189,56.839325024024696,10.941511555250003,0.2261165420365349,4,0.39336612748260713,0
Hyderabad,Street_208,12.899489661772115,77.69221965472371,55.95539456551517,4.409166863476094,85.41862547423021,81.12985700285431,0.8948412050562311,3,0.8871573266967134,0
Hyderabad,Street_209,12.93210101160764,77.67748704296133,4.201782344848262,59.32727547735229,95.22738137774681,77.82590977730612,0.2517495148121053,5,0.5690856266406796,0
Mumbai,Street_210,12.973780737795309,77.46669230399736,0.5691260177098845,90.92830703417573,86.58044214725089,74.69350385401968,0.9646595869766019,4,0.8344946747401059,0
Hyderabad,Street_211,12.901472869549256,77.75145164614938,3.1610301586337153,89.65853478837965,59.7638330493164,33.447133496729236,0.2201135666218182,5,0.31471671664633755,0
Mumbai,Street_212,12.962080834712568,77.59816945056158,5.312604636817088,118.94341419084473,127.43106168792454,21.48060705526594,0.755560364904567,2,0.6499732403601219,0
Delhi,Street_213,13.028589210082004,77.69658436445562,2.255806392375652,98.25140082481629,206.3215270582242,65.56756012467183,0.26576565096942534,3,0.7669021311524102,0
Mumbai,Street_214,13.096389544364268,77.62926033970295,28.786879611390287,148.81999745110085,69.9258846178698,52.13580649075585,0.9285412635481116,4,0.8631766747105127,0
Mumbai,Street_215,13.106877941243429,77.79907704636953,34.845432433639665,42.578179291296756,235.59675477555828,21.93398435594095,0.5715465889804343,0,0.43613809871191644,0
Hyderabad,Street_216,13.129116140750677,77.70096124801553,16.301218264140246,53.87265444993472,218.33416543096195,70.16157074973705,0.31001901985361235,3,0.7074868189468366,0
Hyderabad,Street_217,13.097684662777318,77.68279218449739,23.897243038538136,57.577072780169445,40.4410528380274,99.15701102302384,0.4726525598318773,0,0.5771691063277333,0
Bangalore,Street_218,13.072415770838763,77.7114287756203,5.501960106685808,69.87192105303728,196.56898918927362,75.98586083549358,0.3318597402774096,5,0.24244024824652774,0
Bangalore,Street_219,12.895002588516988,77.4572511942194,20.182227829705322,125.39970956718142,143.64684557944165,75.29870673513312,0.336465529245672,1,0.6829998161162603,0
Delhi,Street_220,12.96008915714881,77.48181783726778,31.351151498071385,35.368814093881475,141.64384054285463,95.27971152840621,0.9584866561371539,3,0.6830675907664904,0
Bangalore,Street_221,12.99108595635209,77.68562563288944,43.93630843107871,116.40003105531443,97.76069076454361,24.278954919615707,0.5561968898278306,5,0.8514247633925758,0
Mumbai,Street_222,12.833156528677343,77.59759259485234,0.20078172257875337,60.79652746286151,125.28824979550244,58.72724666753684,0.8310418111242877,0,0.5481187123182807,0
Hyderabad,Street_223,13.011348048518883,77.70185411674404,28.038645992259156,90.27830754930127,99.29469435730276,98.06643792821893,0.7116844489421454,2,0.3611756444973603,0
Bangalore,Street_224,12.974534332642623,77.44116641229766,17.820172587292934,94.88107998394591,134.9331546899857,20.70294054216658,0.7411410898707138,2,0.23119467641407543,0
Bangalore,Street_225,13.120843699610694,77.61459254059383,51.16930930151408,55.92729557834017,156.98751319315895,71.52393614722949,0.30535475077763086,1,0.49094953068013397,0
Delhi,Street_226,13.191160267501708,77.55152862622276,42.933198914054515,76.89228078087078,168.5759516022621,60.651963867330686,0.3873475574523886,3,0.41134169005425125,0
Delhi,Street_227,13.022402015457034,77.58280008771267,35.34651206825369,61.95467619715455,133.12029813985654,60.71551375792716,0.8294002681235495,3,0.7327618142167129,0
Mumbai,Street_228,12.929074555311034,77.641583148829,16.635938741806417,10.369917927992917,180.35551683218293,71.27870961440713,0.9766129651798263,3,0.44798743538873265,0
Hyderabad,Street_229,12.81736031331927,77.60091533898502,54.62034612345206,65.57480832252398,35.31951231887645,93.31360767319,0.4101405140789214,5,0.8643498374203906,0
Delhi,Street_230,13.169857332089437,77.61594425484513,2.706040633219391,14.609008883032825,52.995622725559635,79.3452842858771,0.4172550118008319,1,0.8736171420914489,0
Bangalore,Street_231,13.167646286111463,77.59454299279824,6.568055920746909,60.75311986204823,204.68375101856753,10.33292982453995,0.5783177062487239,3,0.6346360131523956,0
Hyderabad,Street_232,12.901196067195697,77.5635820708342,23.497808432421362,88.93775997476727,80.6319944616038,86.00916188819257,0.9870722502843503,5,0.850062200910418,0
Hyderabad,Street_233,13.078164449242658,77.7087527922393,7.466253437811381,86.91223490152511,5.723456244030062,26.4264263429446,0.4151671566611769,2,0.7325980411601469,0
Bangalore,Street_234,12.830173818835908,77.40488122892722,57.3849418535655,99.39319185124805,38.447787417007774,40.806845649955335,0.5255775277074111,0,0.5828017486825883,0
Delhi,Street_235,12.866486172763702,77.63937708048209,47.879359328603,14.289226193193944,55.90360862407781,48.86461729317631,0.9131840124988055,5,0.32621555479594466,0
Bangalore,Street_236,12.886723642634596,77.62620333892919,15.538959096108819,97.81848682956569,239.3307219736468,50.68607007154162,0.2023368260970896,2,0.521018560459688,0
Hyderabad,Street_237,12.917797578735772,77.68647162989318,35.31325373839472,46.82220850446706,143.26035723271232,46.3421379292589,0.23181277199085565,2,0.5926121243538323,0
Chennai,Street_238,13.198332550011747,77.63961174591093,58.9398309048049,59.85689192056666,233.1826851190637,94.04856295050712,0.6832573416569754,0,0.8047731065145072,0
Chennai,Street_239,13.078770022345525,77.73071953112363,53.05193868789018,128.69793808840586,143.79083762415624,72.07180572808234,0.9259041317702776,2,0.5369333635749653,0
Mumbai,Street_240,12.953680732551689,77.7836299178256,36.04790678653188,1.3545606194325377,119.83861003446295,64.9612113658871,0.39108532832154214,1,0.8283722708745695,0
Bangalore,Street_241,13.094840282337207,77.53700970287142,54.22343803051623,88.26189500109082,78.43192279852401,9.734992639379449,0.5757134197445672,0,0.6720442853164282,0
Bangalore,Street_242,13.166101736667642,77.490940393212,59.35109458880154,89.80709701501614,151.5927361083439,90.8717663747356,0.5603722413262546,2,0.29589934413756996,0
Mumbai,Street_243,13.183480962963138,77.5694387449682,44.60116937361745,59.498966451534294,34.799506154382456,91.39206824079764,0.5783770768764082,4,0.896486958527565,0
Mumbai,Street_244,12.823145559103084,77.51517184659029,3.8991845689736415,35.55417856625043,224.5654068231765,79.12024102585973,0.6980157565837961,5,0.5690628625277387,0
Mumbai,Street_245,12.957808719443252,77.64598010526106,24.09481418552925,35.201105739232666,207.33310128532094,5.6677743622938195,0.5757950103925471,2,0.4743008074863552,0
Hyderabad,Street_246,12.842702426374354,77.76474096353718,50.26954411699472,132.5564504491129,79.38286196918426,10.441623852374219,0.5579745130579663,1,0.6613796351286685,0
Bangalore,Street_247,12.934264025918786,77.45564647765723,13.83415174830114,66.30365606742863,238.19938190032357,26.396251715506526,0.5794307363450084,3,0.2762253197867274,0
Hyderabad,Street_248,12.867871961558226,77.44031784120637,49.83855106503748,49.63340444837579,206.30019185389204,17.478193773766137,0.6726939530168332,2,0.6455770527273481,0
Mumbai,Street_249,13.05873934466749,77.50240621274146,7.220325722099757,67.31663607471046,166.57672145875992,42.889422821854296,0.6296059906810867,3,0.5487652003494911,0
Bangalore,Street_250,12.955307353595948,77.69043823442496,2.8167214288687803,100.4085602189042,30.440477781318698,92.64919051834002,0.8833087981204035,4,0.48467184899900817,0
Hyderabad,Street_251,12.89175789828198,77.63718516210353,23.045436689474975,21.863485236712755,119.55850576201807,49.84574124871484,0.23959748279493331,2,0.8671140148252294,0
Hyderabad,Street_252,12.906375169985695,77.44088506569008,2.2039162455968175,67.41507528206066,126.52688871168772,6.273249511055733,0.86665365717841,0,0.5657778017124373,0
Mumbai,Street_253,12.944138038082107,77.7675002089043,57.43621577899954,88.18265566655803,58.13783959134503,31.860840509982392,0.8751396900893793,3,0.3533822356289569,0
Bangalore,Street_254,12.903979945141705,77.71603385484963,49.57234174763795,142.28750322771506,19.991348589825485,9.236516295431347,0.4279264172247687,4,0.521274435564109,0
Mumbai,Street_255,12.981296338731532,77.40920904191506,48.0461812277925,37.87916731131289,194.18090761792317,8.447324148282705,0.5702815640126806,0,0.8435711832008708,0
Bangalore,Street_256,12.81292638044386,77.6605468843953,37.786675379769186,53.88761218743684,30.508763031098756,31.193386044077464,0.5508307908299483,0,0.32326682993141626,0
Chennai,Street_257,12.911905402867578,77.7084986674079,12.979441382193212,56.90378848836357,148.5726876404437,31.183172174499813,0.37480786748330425,0,0.3497699270817658,0
Delhi,Street_258,12.964482688348875,77.54977414788817,31.095622000583532,90.83072364673242,234.11229347091515,79.77702724715239,0.5174374776690531,0,0.20912069742995865,0
Delhi,Street_259,13.041112752809319,77.42756861574689,35.83644434582046,53.50980795600025,219.02629814951064,97.60929201420564,0.23551021773668357,2,0.20993303457703705,0
Delhi,Street_260,12.908383057006052,77.43092842619552,31.50189005161609,80.02678879495434,69.43815593731529,40.264673919549836,0.4222576582253876,5,0.7805741388709588,0
Mumbai,Street_261,12.8532740500895,77.44169878642073,15.614002077091637,117.2685494767544,212.86215938781632,45.744253491798666,0.8533457403605744,2,0.7124858247900692,0
Chennai,Street_262,12.830480151839666,77.73617585279217,30.914875458883554,105.80783911683054,0.0831265301223516,85.25499644717203,0.42764984141031803,2,0.4485287395163708,0
Bangalore,Street_263,13.176212730854152,77.76427447930229,29.471180452117594,66.95529697688784,4.421952403314306,30.47320690907377,0.854565334998598,4,0.688817810059301,0
Hyderabad,Street_264,12.966655623095392,77.44912431273829,59.78014654840346,129.63242665112534,150.63829096071623,19.856271418327555,0.6252795716835446,4,0.4766441484169791,0
Bangalore,Street_265,13.03246504847233,77.49436241383803,53.84616888277223,83.72103743907944,91.19955478613237,86.04351422334679,0.903890141888928,5,0.8670277571984792,0
Hyderabad,Street_266,13.167670620734222,77.46620820414692,27.802844892937195,80.98587592533187,96.61521028978679,9.417555711806223,0.6598236434115321,4,0.8769368769982244,0
Bangalore,Street_267,12.833099368014123,77.47452835179766,37.37624297610712,5.128164890873727,141.11027266972062,63.87144681894449,0.22373457845179187,1,0.47495564306654037,0
Chennai,Street_268,13.150664594370317,77.734996315601,44.87229624553371,148.00394705357422,47.945613897965146,58.389320509346646,0.7403361660376715,5,0.7979553344386077,0
Hyderabad,Street_269,13.020635149017627,77.53285856506197,2.0919096140294946,18.44562127944401,52.93883766636959,37.862442512660955,0.23588285441885493,4,0.7411623291882263,0
Mumbai,Street_270,12.8659337044548,77.52457770561826,53.69528647367039,34.669636864146995,121.15039675471617,34.9430045042491,0.5604776151865072,5,0.4169999560202525,0
Bangalore,Street_271,12.964502046634149,77.49095824835085,51.60760898507542,7.754525586229044,188.56338608596576,78.32648398725402,0.9435413555784913,2,0.3624278802307742,0
Bangalore,Street_272,13.11104091349409,77.6431577575177,27.44592586642244,96.00044502553706,154.87443785189691,13.210338022441915,0.33216315147028014,2,0.5207642552749836,0
Hyderabad,Street_273,12.992148032746542,77.55172227935422,23.470185964822786,33.705176545902,74.33876205920973,27.49450938458161,0.5118978823532353,5,0.7469441884300843,0
Mumbai,Street_274,13.194114420266201,77.69769986073732,16.377562491378896,27.001565620908526,107.5842943772303,74.58262952461853,0.7838882470787827,1,0.8721174493101218,0
Mumbai,Street_275,12.950695587975176,77.48223192335026,28.600609699822105,13.283337633486209,42.6661896374996,57.0904554540103,0.905806844875878,1,0.7345053482066008,0
Chennai,Street_276,13.099831319990429,77.7151159554858,2.6625998119942063,15.49634356860235,18.657453584270428,17.158879810690706,0.7367544037940064,5,0.7986448895128591,0
Mumbai,Street_277,12.957195779591544,77.64148861269206,51.13161200082047,87.7006050663883,195.6740101860373,88.8028833567957,0.4065386033529354,4,0.6221450143193616,0
Mumbai,Street_278,13.131665688282606,77.44570692002227,2.125342105112704,103.23117987998931,66.34685229704864,42.3775454235412,0.7396862823329731,3,0.7847854815894881,0
Mumbai,Street_279,13.027632587666298,77.56580183368145,19.74308192219226,59.60684826966015,44.44159696281205,83.64749565560642,0.437382112883272,1,0.7490946006023924,0
Delhi,Street_280,12.825404731836,77.74540725624519,55.895369299139396,71.98456223881098,172.90451389232982,79.83273647513232,0.7747433838549882,0,0.46388987934839604,0
Chennai,Street_281,12.814728747054398,77.76918409271939,44.112759271407164,102.89516039744761,154.5129185717965,64.32041741481416,0.9632265020680324,2,0.5863932114845047,0
Bangalore,Street_282,12.853540847520254,77.58628004892752,16.883457634651606,2.6069685278219454,158.297406503366,51.97570747303383,0.7771147608850306,5,0.7633271853927863,0
Hyderabad,Street_283,12.805468785930799,77.59233479123563,15.158945637653105,48.46959856054178,57.223651211653404,98.0573298362669,0.89030440232993,0,0.23223971393296947,0
Bangalore,Street_284,12.830143624140986,77.76738188997572,0.30492838908155795,145.96466221055198,58.16138464067025,18.771681876082617,0.20168307454070675,5,0.765655497649081,1
Chennai,Street_285,13.076685758867564,77.63482728965462,41.74285757098501,87.0168344543202,55.200657446409785,73.8897941173559,0.7740576997852755,2,0.3245216868343164,0
Hyderabad,Street_286,13.013738510011786,77.41313866809737,2.9270149003903856,38.133686984623985,43.43814891557363,23.163116639154957,0.8636700454922004,2,0.5602785319850072,0
Chennai,Street_287,13.099964299787988,77.76509978515165,31.956151164045725,78.25950699543198,163.93091814041406,37.1349950065731,0.23244699003574515,1,0.7657928076891563,0
Mumbai,Street_288,13.165266300903056,77.49929057710287,57.72731835552299,51.398023218137304,212.00397131235036,34.32638062045355,0.8972781818305846,1,0.37767475470968637,0
Hyderabad,Street_289,13.034059812930188,77.63105278163663,6.568131603267233,79.83674832394486,181.0793674191653,94.96841883517868,0.4053553826480367,0,0.3720652075143071,0
Mumbai,Street_290,13.09044833762874,77.46620532697119,53.668795858084046,18.861226770997323,198.0234084401358,96.89883688988614,0.7322336815824442,5,0.4819350789235763,0
Bangalore,Street_291,13.102832480816982,77.41355166409865,59.488520108702886,19.907198072891607,101.19960727129995,22.38646720229908,0.8402839032187253,2,0.8262499583043441,0
Bangalore,Street_292,12.951140219710314,77.52458926845311,3.691021574354103,21.531354305908927,163.51894884299952,7.093340228262898,0.7301316104474844,0,0.20030994700604554,0
Hyderabad,Street_293,12.896433932931853,77.71219828301844,52.97437614824768,140.97296878902625,88.55906011119363,73.40076376799574,0.2738278336586058,3,0.8309681676493543,0
Hyderabad,Street_294,12.88201813140261,77.51103486905177,30.964741226616997,109.93483775120127,131.37615549216,44.70904371769601,0.6770572150882948,0,0.3076649172491255,0
Chennai,Street_295,12.90057697580472,77.48803888563245,54.3908231666748,24.357284199348133,120.40871163371558,13.439823283318617,0.639666925377715,4,0.8930604632472374,0
Chennai,Street_296,12.909892718810363,77.4850723137365,34.27913651517444,28.252362564840215,44.221786285963596,69.95664002981904,0.9202570144594173,0,0.8683928951269277,0
Mumbai,Street_297,12.882891059603223,77.60606947296273,39.726720606393876,109.62442123063146,96.7696900839077,56.78502518476647,0.5233917837153674,4,0.5462726327138983,0
Hyderabad,Street_298,13.151288266991676,77.7902165262731,32.626734479843954,23.42457671882609,240.95556887058774,98.14909809010507,0.4568648776696401,4,0.5589041734688397,0
Bangalore,Street_299,13.10279965286889,77.5835955952068,51.86957281844091,35.1841940002243,62.145064428735516,26.603902106830997,0.799880611549173,4,0.537084538193098,0
